?,Breed,Alias,BreedAdultPicture,,MinWeightMale,MinWeightFemale,MaxWeightMale,MaxWeightFemale,Size,MinHeightMale,MinHeightFemale,MaxHeightMale,MaxHeightFemale,MinLifeExpectancy,MaxLifeExpectancy,Group,GoodWithKids,CatFriendly,DogFriendly,Trainability,Shedding,Watchdog,Intelligence,Grooming,Popularity,Adaptability,HypoAllergenic,MinPuppyCost,MaxPuppyCost
X,Australian Cattle Dog,"ACD, Cattle Dog, Blue Heeler, Red Heeler, Queensland Heeler",,,33.06,30.86,35.274,35.274,Medium,18,17,20,19,13,15,Herding,5,3,3,5,3,5/R1,5/R10,1,3.5/R58,3,No,500,600
X,Australian Stumpy Tail Cattle Dog,"Stumpy Tail Cattle Dog, Stumpy, Stumpy tail, 'Heeler'",,,35.27,35.27,50.71,50.71,Medium,18,17,20,19,12,14,Herding,5,3,3,5,3,5/R1,5/R10,1,3.5/R60,3,No,500,600
MD,Alaskan Klee Kai,"Klee Kai, AKK",,,16.09,,22.05,,Medium,39,,43,,13,14,Northern,,,,,,,,,,,,1000,1500
Argentine Dogo is known as Dogo Argentino in dataset,Dogo Argentino,"Argentine Dogo, Argentine Mastiff, Dogo",,,79.37,79.37,99.21,99.21,Large,,,,,10,18,"Working,Guard",,,,,,,,,,,,2800,5000
MD,Andalusian Hound,"Podenco Andaluz, Andalusian Podenco",,,11,,73,,Medium,14,,25,,12,14,Hound,,,,,,,,,,,,300,500
MD,Alano Espanol,,,,66.14,55.12,88.18,77.16,Large,23,22,25,24,11,14,Working,,,,,,,,,,,No,550,800
MD,Ariege Pointer,,,,55.11,55.11,66.14,66.14,Large,24,22,26,26,10,18,Guard,,,,,,,,,,,,,
MD,Alaskan Husky,,,,50,45,90,80,Large,20,,24,,16,19,Mixed,3.5,2,5,3,3,2.5,3,3,3.5/R58,5,,400,700
,Afghan Hound,"Sage Balochi, Ogar Afgan, Eastern Greyhound/Persian",,,,,,,Large,,,,,10,14,Hound,,,,,,,,,,,,800,1200
,American Staffordshire Terrier,AmStaff,,,,,,,Medium,,,,,10,12,Terrier,,,,,,,,,,,,800,900
,American Water Spaniel,"AWS,American Brown Spaniel,American Brown Water Spaniel",,,,,,,Medium,,,,,13,15,"Sporting,Gun",,,,,,,,,,,,800,1000
,Appenzeller Sennenhund,"Appenzeller, Appenzell Cattle Dog, Appenzeller Mountain Dog,Entlebucher Sennenhund,Entlebucher Mountain Dog",,,,,,,Medium,,,,,12,14,Guard,,,,,,,,,,,,700,800
,American Cocker Spaniel,Cocker Spaniel,,,,,,,Medium,,,,,12,15,Sporting,,,,,,,,,,,,600,800
American Pit Bull Terrier is commonly known as Pit Bull,Pit Bull,"APBT, Pit, Pitty, Pitt Bull, Pit Bull",,,,,,,Medium,,,,,12,14,Terrier,,,,,,,,,,,,500,700
,American White Shepherd,"White German Shepherd Dog, Berger Blanc Suisse, American White Shepherd, WS, WGSD",,,,,,,Medium,,,,,12,14,Herding,,,,,,,,,,,,600,800
,Austrian Black And Tan Hound,"Österreichische Glatthaarige, Bracke, Austrian Smooth-haired Hound, Brandlbracke, Bracke, Vieräugl",,,,,,,Medium,,,,,12,14,Hound,,,,,,,,,,,,300,600
,American Bulldog,,,,,,,,Large,,,,,11,14,"Working,Guard",,,,,,,,,,,,700,900
,Aidi,"Aïdi, Atlas Mountain Dog, Atlas Shepherd Dog, Chien de l'Atlas, Chien de Montagne de l'Atlas",,,,,,,Medium,,,,,10,11,Guard,,,,,,,,,,,,300,300
,Alaskan Malamute,"Mal, Mally",,,,,,,Large,,,,,13,16,Working,,,,,,,,,,,,700,1500
,Australian Bulldog,Aussie Bulldog,,,,,,,Medium,,,,,8,10,Non-sporting,,,,,,,,,,,,500,600
,Affenpinscher,"Affen, Affie, Monkey Dog",,,6.5,,13.2,,Small,9,,12,,11,14,Toy,1,3,3,3,2,5/R1,3.5,3,1/R141,2,Yes,300,500
,American Hairless Terrier,AHT,,,5,,16,,Small,7,,16,,10,12,Terrier,,,,,,,,,,,,300,500
,American Staghound,Staghound,,,,,,,Large,,,,,12,14,Sighthound,,,,,,,,,,,,,
,American Mastiff,Mastiff Dog,,,,,,,Large,,,,,10,12,Working,,,,,,,,,,,,1000,1500
American Akita is known as Akita,Akita,"Akita Inu, Japanese Akita, American Akita, Great Japanese Dog ",,,,,,,Large,,,,,11,15,Working,,,,,,,,,,,,600,1000
,Austrian Pinscher,"Österreichischer, Kurzhaarpinscher, Austrian Shorthaired Pinscher",,,,,,,Medium,,,,,12,14,Terrier,,,,,,,,,,,,300,600
,Australian Silky Terrier,Silky,,,,,,,Small,,,,,12,15,"Toy,Terrier",,,,,,,,,,,,500,600
,Australian Shepherd,"Aussie, Little Blue Dog",,,,,,,Medium,,,,,13,15,Herding,,,,,,,,,,,,500,600
,Africanis,"African Dog, Bantu Dog, Hottentot Hunting Dog, Khoikhoi Dog, Zulu Dog, Umbwa Wa Ki-Shenzi",,,,,,,Medium,,,,,9,12,"Herding,Working",,,,,,,,,,,,500,500
,Australian Kelpie,"Kelpie, Barb",,,,,,,Medium,,,,,10,14,Herding,,,,,,,,,,,,500,600
,Airedale Terrier,"Waterside Terrier, Bingley Terrier,Irish Red Terrier",,,,,,,Small,,,,,11,12.5,Terrier,,,,,,,,,,,,600,750
,Alapaha Blue Blood Bulldog,"Otto Bulldog, Catahoula Bulldog",,,,,,,Medium,,,,,12,15,"Working,Guard",,,,,,,,,,,,800,1200
,African Wild Dog,"African hound, Three-color jackal",,,,,,,Medium,,,,,10,12,Feral,,,,,,,,,,,,500,600
,American Eskimo Dog,"Eskimo Spitz, American Spitz, German Spitz, Eskie",,,,,,,Medium,,,,,12,15,Non-sporting,,,,,,,,,,,,600,750
,Akbash Dog,"Akba? Çoban Köpe?i, Akbash",,,,,,,Large,,,,,10,12.5,Working,,,,,,,,,,,,600,750
Anatolian Shepherd Dog labeled as Anatol Shepherd,Anatol Shepherd,"Kham Kepiji dogs, Karabash in dogs, Scandinavian Nygaard dogs",,,,,,,Large,,,,,13,15,Working,,,,,,,,,,,,600,900
,Alopekis,"Alopecis, Alepouditsa, Bobis, Bouboudi, Moropa, Venetaki",,,,,,,Small,,,,,12,18,Working,,,,,,,,,,,,300,400
,Australian Terrier,Aussie,Aussie,,,,,,Small,,,,,12,15,Terrier,,,,,,,,,,,,600,900
,Azawakh,"Idi, Hanshee, Oska, Rawondu, Bareeru, Wulo, Tuareg Sloughi",,,,,,,Large,,,,,10,12,"Hound,Sighthound",,,,,,,,,,,,2000,2500
,Ariegeois,Ariege Hound,,,,,,,Medium,,,,,12,14,"Hunting,Hound",,,,,,,,,,,,,
,American Foxhound,Foxhound,,,,,,,Large,,,,,10,12,Hound,,,,,,,,,,,,400,550
,Beagle,English Beagle,,,,,,,Small,,,,,11,15,Hound,,,,,,,,,,,,500,800
,Bulldog,English Bulldog,,,,,,,Medium,,,,,8,12,Non-sporting,,,,,,,,,,,,1200,2000
,Boxer,"German Boxer, Deutscher Boxer",,,,,,,Medium,,,,,9,12,Working,,,,,,,,,,,,600,1200
,Bearded Collie,"Highland Collie, Mountain Collie, Hairy Mou'ed Collie, Argle Bargle, Beardie",,,,,,,Medium,,,,,14,15,Herding,,,,,,,,,,,,1000,1500
,Berger Picard,"Berger de Picardie, Picardy Shepherd",,,,,,,Medium,,,,,12,13,Herding,,,,,,,,,,,,2000,2500
,Beauceron,"French Shorthaired Shepherd, Beauce Shepherd, Berger de Beauce, Bas Rouge, Red Stocking",,,,,,,Large,,,,,10,13,Herding,,,,,,,,,,,,1000,1500
,Bull Terrier,"English Bull Terrier, Bully, Gladiator",,,,,,,Medium,,,,,11,14,Terrier,,,,,,,,,,,,1000,1500
,Basset Artesien Normand,BAN,,,,,,,Small,,,,,12,15,Hound,,,,,,,,,,,,300,400
,Brussels Griffon,"Griffon Bruxellois, Belgium Griffon, Petit Brabançon, Griffon, Griff, Bruss",,,,,,,Small,,,,,12,15,Toy,,,,,,,,,,,,600,800
,Basset Fauve De Bretagne,Fawn Brittany Basset,,,,,,,Small,,,,,11,14,Hound,,,,,,,,,,,,1500,1500
,Basenji,"African Bush Dog, African Barkless Dog, Ango Angari, Congo Dog, Zande Dog",,,,,,,Medium,,,,,12,16,"Hound,Sighthound",,,,,,,,,,,,800,1200
,Bernese Mountain Dog,"Berner Sennenhund, Bernese Cattle Dog, Berner",,,,,,,Large,,,,,7,8,Working,,,,,,,,,,,,800,1000
,Boston Terrier,"Boston Bull, Boston Bull Terrier, Boxwood, American Gentlemen",,,,,,,Small,,,,,11,15,Non-sporting,,,,,,,,,,,,600,800
,Barbet,French Water Dog,,,,,,,Medium,,,,,13,15,Gun,,,,,,,,,,,,500,1000
,Boerboel,"South African Boerboel, South African Mastiff, South Africa",,,,,,,Large,,,,,10,12,Guard,,,,,,,,,,,,1500,1700
,Bouvier Des Flanders,"Flanders Cattle Dog, Vlaamse Koehond",,,,,,,Large,,,,,10,12,Herding,,,,,,,,,,,,1000,2000
,Border Collie,"Scotch Sheep Dog, Sheepdog",,,,,,,Medium,,,,,13,16,Herding,,,,,,,,,,,,350,700
,Briquet Griffon Vendeen,Medium Vendéen Griffon,,,,,,,Medium,,,,,12,14,Hunting,,,,,,,,,,,,,
,Belgian Shepherd Tervuren,"Chien de Berger Belge, Belgian Tervueren",,,,,,,Medium,,,,,12,14,Herding,,,,,,,,,,,,1000,1500
,Braque Du Bourbonnais,"Bourbonnais Pointer, Bourbonnais Pointing Dog",,,,,,,Medium,,,,,13,15,"Gun,Sporting",,,,,,,,,,,,1000,1200
,Brazilian Terrier,"Fox Paulistinha, Terrier Brasileiro",,,,,,,Small,,,,,12,14,Terrier,,,,,,,,,,,,500,800
,Black Norwegian Elkhound,"Norsk Elghund Sort, Norsk Elghund Black, Black Elkhound, Norwegian Moose Dog",,,,,,,Medium,,,,,12,15,Hound,,,,,,,,,,,,550,600
,Belgian Shepherd Laekenois,,,,,,,,Medium,,,,,12,14,Herding,,,,,,,,,,,,500,800
,Belgian Shepherd Malinois,,,,,,,,Medium,,,,,10,14,Herding,,,,,,,,,,,,500,700
Black And Tan Coonhound is known as Black/Tan Hound,Black/Tan Hound,,,,,,,,Medium,,,,,10,12,Hound,,,,,,,,,,,,300,400
,Beaglier,,,,,,,,Small,,,,,11,14,"Toy,Hound",,,,,,,,,,,,1200,1450
,Bouvier de Ardennes,,,,,,,,Medium,,,,,,,,,,,,,,,,,,,,
,Bulgarian Shepherd Dog,,,,,,,,Large,,,,,,,,,,,,,,,,,,,,
,Blue Lacy,,,,,,,,Medium,,,,,,,,,,,,,,,,,,,,
,Border Terrier,,,,,,,,Small,,,,,12,15,,,,,,,,,,,,,800,1000
,Bohemian Shepherd,,,,,,,,Large,,,,,,,,,,,,,,,,,,,,
,Bull Arab,,,,,,,,Large,,,,,12,15,,,,,,,,,,,,,250,450
,Bracco Italiano,,,,,,,,Large,,,,,12,13,,,,,,,,,,,,,,
,Bavarian Mountain Hound,,,,,,,,Medium,,,,,10,12,,,,,,,,,,,,,,
,Bolognese dog,,,,,,,,Small,,,,,12,15,,,,,,,,,,,,,1600,1900
,Bedlington Terrier,,,,,,,,Small,,,,,12,14,,,,,,,,,,,,,1200,1800
,Bichon Frise,,,,,,,,Small,,,,,12,15,,,,,,,,,,,,,450,600
,Bloodhound,,,,,,,,Large,,,,,10,12,,,,,,,,,,,,,850,1200
,Basset Hound,,,,,,,,Medium,,,,,10,12,,,,,,,,,,,,,300,500
,Brazilian Dogo,,,,,,,,Large,,,,,12,13,,,,,,,,,,,,,800,1000
,Beagle-Harrier,,,,,,,,Medium,,,,,12,13,,,,,,,,,,,,,200,300
,Black Russian Terrier,,,,,,,,Large,,,,,10,11,,,,,,,,,,,,,1500,2500
,Boykin Spaniel,,,,,,,,Medium,,,,,14,16,,,,,,,,,,,,,800,900
,Blue Picardy Spaniel,,,,,,,,Large,,,,,10,10,,,,,,,,,,,,,,
,Borzoi,,,,,,,,Large,,,,,7,10,,,,,,,,,,,,,500,700
,Basset Bleu de Gascogne,,,,,,,,Small,,,,,12,13,,,,,,,,,,,,,,
,Black Mouth Cur,,,,,,,,Large,,,,,12,16,,,,,,,,,,,,,300,350
,Bergamasco,"Bergamasco Shepherd Dog, Bergermaschi, Cane da pastore Bergamasco",,,,,,,Medium,,,,,13,15,Herding,,,,,,,,,,,,1000,1200
,Bullmastiff,,,,,,,,Large,,,,,8,10,"Working,Guard",,,,,,,,,,,,1000,1500
,Bukovina Sheepdog,,,,,,,,Large,,,,,,,,,,,,,,,,,,,,
,Bluetick Coonhound,,,,,,,,Medium,,,,,11,12,,,,,,,,,,,,,500,600
,Czechoslovakian Wolfdog,,,,,,,,Large,,,,,12,15,,,,,,,,,,,,,400,600
,Chinook dog,,,,,,,,Large,,,,,13,15,,,,,,,,,,,,,800,1000
,Catahoula Leopard Dog,,,,,,,,Medium,,,,,10,14,,,,,,,,,,,,,500,550
,Cockalier,,,,,,,,Medium,,,,,12,14,,,,,,,,,,,,,500,700
,Cavalier King Charles Spaniel,,,,,,,,Small,,,,,9,14,,,,,,,,,,,,,1000,1500
,Carolina Dog,,,,,,,,Medium,,,,,12,15,,,,,,,,,,,,,,
,Cairmal,,,,,,,,Small,,,,,12,15,,,,,,,,,,,,,500,700
,Cesky Fousek,,,,,,,,Medium,,,,,,,,,,,,,,,,,,,,
Catahoula Cur is known as the one true Catahoula,Catahoula,,,,,,,,Medium,,,,,10,14,,,,,,,,,,,,,250,300
,Curly-Coated Retriever,,,,,,,,Large,,,,,9,14,,,,,,,,,,,,,600,800
,Croatian Sheepdog,,,,,,,,Medium,,,,,,,,,,,,,,,,,,,1000,1200
,Cirneco Dell Etna,,,,,,,,Medium,,,,,,,,,,,,,,,,,,,,
,Carpathian Sheepdog,,,,,,,,Large,,,,,12,14,,,,,,,,,,,,,,
,Chinese Crested,,,,,,,,Small,,,,,12,14,,,,,,,,,,,,,800,900
,Canadian Eskimo Dog,,,,,,,,Large,,,,,12,13,,,,,,,,,,,,,1000,1200
,Chippiparai,,,,,,,,Medium,,,,,12,15,,,,,,,,,,,,,60,110
,Cão da Serra de Aires,,,,,,,,Medium,,,,,11,13,,,,,,,,,,,,,,
,Briard,,,,,,,,Large,,,,,10,12,,,,,,,,,,,,,1000,1200
,Catahoula Bulldog,,,,,,,,Medium,,,,,,,,,,,,,,,,,,,,
,Chow Chow,,,,,,,,Medium,,,,,9,15,,,,,,,,,,,,,600,1200
,Catalan Sheepdog,,,,,,,,Medium,,,,,12,14,,,,,,,,,,,,,,
,Clumber Spaniel,,,,,,,,Medium,,,,,10,12,,,,,,,,,,,,,800,1200
,Cairn Terrier,,,,,,,,Small,,,,,12,15,,,,,,,,,,,,,500,1000
,Caucasian Ovtcharka,,,,,,,,Large,,,,,10,11,,,,,,,,,,,,,1500,2000
,Chart Polski,,,,,,,,Large,,,,,10,12,,,,,,,,,,,,,,
,Cane Corso Italiano,,,,,,,,Large,,,,,10,11,,,,,,,,,,,,,1500,2000
,Cesky Terrier,,,,,,,,Small,,,,,12,15,,,,,,,,,,,,,300,500
,Chorkie,,,,,,,,Small,,,,,11,14,,,,,,,,,,,,,300,400
,Chizer,,,,,,,,Small,,,,,12,15,,,,,,,,,,,,,300,400
,Cardigan Welsh Corgi,,,,,,,,Small,,,,,12,15,,,,,,,,,,,,,900,1200
,Cockapoo,,,,,,,,Small,,,,,14,16,,,,,,,,,,,,,900,1100
,Caravan Hound,,,,,,,,Large,,,,,,,,,,,,,,,,,,,,
,Central Asian Ovtcharka,,,,,,,,Large,,,,,,,,,,,,,,,,,,,,
,Canaan Dog,,,,,,,,Medium,,,,,12,15,,,,,,,,,,,,,800,1000
,Chihuahua Shorthair,,,,,,,,Small,,,,,12,18,,,,,,,,,,,,,500,800
,Cotonese,,,,,,,,Small,,,,,13,15,,,,,,,,,,,,,500,600
This is how the chesapeake bay retriever was labeled,Chesa Bay Retr,,,,,,,,Large,,,,,10,12,,,,,,,,,,,,,700,900
,Dachshund,,,,,,,,Small,,,,,12,15,,,,,,,,,,,,,400,600
,Doxle,,,,,,,,Small,,,,,12,14,,,,,,,,,,,,,350,500
,Double Doodle,,,,,,,,Large,,,,,12,15,,,,,,,,,,,,,1800,2000
,Doxiemo,,,,,,,,Medium,,,,,12,14,,,,,,,,,,,,,300,400
Doberman Pinscher is known as Doberman Pinsch,Doberman Pinsch,,,,,,,,Large,,,,,10,14,,,,,,,,,,,,,600,1000
,Dorgi,,,,,,,,Small,,,,,12,14,,,,,,,,,,,,,200,300
,Dingo,,,,,,,,Medium,,,,,15,20,,,,,,,,,,,,,,
,Drever,,,,,,,,Small,,,,,11,13,,,,,,,,,,,,,,
,Danish-Swedish Farmdog,,,,,,,,Medium,,,,,11,14,,,,,,,,,,,,,,
,Deutsche Bracke,,,,,,,,Medium,,,,,10,12,,,,,,,,,,,,,,
,Dutch Smoushond,,,,,,,,Small,,,,,,,,,,,,,,,,,,,,
,Doxiepoo,,,,,,,,Medium,,,,,12,15,,,,,,,,,,,,,400,600
,Dunker,,,,,,,,Medium,,,,,10,11,,,,,,,,,,,,,,
,Drentse Patrijshond,,,,,,,,Medium,,,,,,,,,,,,,,,,,,,,
,Dogue de Bordeaux,,,,,,,,Large,,,,,10,12,,,,,,,,,,,,,800,1300
,Dorkie,,,,,,,,Small,,,,,13,15,,,,,,,,,,,,,800,1000
,Dalmatian,,,,,,,,Large,,,,,10,13,,,,,,,,,,,,,600,800
,Doxie-Pin,,,,,,,,Medium,,,,,12,14,,,,,,,,,,,,,300,400
,Dutch Shepherd Dog,,,,,,,,Large,,,,,12,14,,,,,,,,,,,,,1000,1500
,Doxie-Chon,,,,,,,,Small,,,,,12,15,,,,,,,,,,,,,400,500
,Dandie Dinmont Terrier,,,,,,,,Small,,,,,11,13,,,,,,,,,,,,,1300,1500
,English Cocker Spaniel,,,,,,,,Medium,,,,,12,15,,,,,,,,,,,,,,
,East Siberian Laika,,,,,,,,Medium,,,,,12,15,,,,,,,,,,,,,,
,Entlebucher Mountain Dog,,,,,,,,Medium,,,,,10,15,,,,,,,,,,,,,,
,Eurasier,,,,,,,,Medium,,,,,11,13,,,,,,,,,,,,,,
,English Setter,,,,,,,,Large,,,,,10,12,,,,,,,,,,,,,,
,English Springer Spaniel,,,,,,,,Medium,,,,,12,14,,,,,,,,,,,,,,
,East-European Shepherd,,,,,,,,Large,,,,,,,,,,,,,,,,,,,,
,English Shepherd,,,,,,,,Medium,,,,,,,,,,,,,,,,,,,,
English mastiff is the one true mastiff!,Mastiff,,,,,,,,Large,,,,,10,12,,,,,,,,,,,,,,
,english pointer,,,,,,,,Medium,,,,,13,15,,,,,,,,,,,,,,
,English Coonhound,,,,,,,,Medium,,,,,11,12,,,,,,,,,,,,,,
,English Foxhound,,,,,,,,Medium,,,,,10,13,,,,,,,,,,,,,,
,Francais Blanc et Noir,,,,,,,,Large,,,,,,,,,,,,,,,,,,,,
,Finnish Lapphund,,,,,,,,Medium,,,,,12,14,,,,,,,,,,,,,,
,Finnish Hound,,,,,,,,Medium,,,,,11,12,,,,,,,,,,,,,,
,French Brittany,,,,,,,,Medium,,,,,14,15,,,,,,,,,,,,,,
,Fila Brasileiro,,,,,,,,Large,,,,,,,,,,,,,,,,,,,,
,Field Spaniel,,,,,,,,Medium,,,,,10,12,,,,,,,,,,,,,,
,Finnish Spitz,,,,,,,,Medium,,,,,12,14,,,,,,,,,,,,,,
,French Bulldog,,,,,,,,Small,,,,,9,12,,,,,,,,,,,,,,
,Flat-Coated Retriever,,,,,,,,Large,,,,,8,10,,,,,,,,,,,,,,
,German Shepherd,,,,,,,,Large,,,,,9,13,,,,,,,,,,,,,,
,Golden Retriever,,,,,,,,Large,,,,,10,12,,,,,,,,,,,,,,
,Greater Swiss Mountain Dog,,,,,,,,Large,,,,,10,11,,,,,,,,,,,,,,
,Giant Schnauzer,,,,,,,,Large,,,,,12,15,,,,,,,,,,,,,,
,German Longhaired Pointer,,,,,,,,Large,,,,,10,11,,,,,,,,,,,,,,
,German Wirehaired Pointer,,,,,,,,Medium,,,,,12,14,,,,,,,,,,,,,,
,Greenland Dog,,,,,,,,Large,,,,,,,,,,,,,,,,,,,,
,Grand Basset Griffon Vendeen,,,,,,,,Medium,,,,,12,14,,,,,,,,,,,,,,
,Greyhound,,,,,,,,Large,,,,,10,12,,,,,,,,,,,,,,
,German Pinscher,,,,,,,,Medium,,,,,12,14,,,,,,,,,,,,,,
,German Shorthaired Pointer,,,,,,,,Large,,,,,12,14,,,,,,,,,,,,,,
,Groenendael,,,,,,,,Large,,,,,13,14,,,,,,,,,,,,,,
,Glen of Imaal Terrier,,,,,,,,Small,,,,,14,15,,,,,,,,,,,,,,
,Great Pyrenees,,,,,,,,Large,,,,,10,12,,,,,,,,,,,,,,
,Great Dane,,,,,,,,Large,,,,,6,12,,,,,,,,,,,,,,
,Goldendoodle,,,,,,,,Small,,,,,10,15,,,,,,,,,,,,,,
,Gordon Setter,,,,,,,,Large,,,,,10,12,,,,,,,,,,,,,,
,Griffon bleu de Gascogne,,,,,,,,Medium,,,,,,,,,,,,,,,,,,,,
,Hamilton Hound,,,,,,,,Medium,,,,,,,,,,,,,,,,,,,,
,Havanese,,,,,,,,Small,,,,,13,15,,,,,,,,,,,,,,
,Hovawart,,,,,,,,Medium,,,,,,,,,,,,,,,,,,,,
,Hokkaido Dog,,,,,,,,Medium,,,,,,,,,,,,,,,,,,,,
,Harrier dog,,,,,,,,Medium,,,,,12,15,,,,,,,,,,,,,,
,Irish Setter,,,,,,,,Large,,,,,12,15,,,,,,,,,,,,,,
,Irish Red and White Setter,,,,,,,,Large,,,,,10,13,,,,,,,,,,,,,,
,Irish Wolfhound,,,,,,,,Large,,,,,6,8,,,,,,,,,,,,,,
,Irish Terrier,,,,,,,,Small,,,,,13,14,,,,,,,,,,,,,,
,Icelandic Sheepdog,,,,,,,,Medium,,,,,12,15,,,,,,,,,,,,,,
,Ibizan Hound,,,,,,,,Large,,,,,12,14,,,,,,,,,,,,,,
,Italian Greyhound,,,,,,,,Small,,,,,12,15,,,,,,,,,,,,,,
,Irish Water Spaniel,,,,,,,,Medium,,,,,10,12,,,,,,,,,,,,,,
,Jack Russell Terrier,,,,,,,,Small,,,,,13,16,,,,,,,,,,,,,,
,Jamthund (Swedish Elkhound),,,,,,,,Medium,,,,,,,,,,,,,,,,,,,,
,Japanese Chin,,,,,,,,Small,,,,,12,14,,,,,,,,,,,,,,
,Japanese Spitz,,,,,,,,Small,,,,,,,,,,,,,,,,,,,,
,Jagdterrier,,,,,,,,Small,,,,,9,10,,,,,,,,,,,,,,
,Japanese Terrier,,,,,,,,Small,,,,,,,,,,,,,,,,,,,,
,Kuvasz,,,,,,,,Large,,,,,10,12,,,,,,,,,,,,,,
,King Shepherd,,,,,,,,Large,,,,,10,12,,,,,,,,,,,,,,
,Koolie,,,,,,,,Medium,,,,,16,18,,,,,,,,,,,,,,
,Keeshond,,,,,,,,Small,,,,,13,15,,,,,,,,,,,,,,
,Kromfohrlander,,,,,,,,Medium,,,,,,,,,,,,,,,,,,,,
,Kishu,,,,,,,,Medium,,,,,11,13,,,,,,,,,,,,,,
,Karelian Bear Dog,,,,,,,,Medium,,,,,11,13,,,,,,,,,,,,,,
,Komondor,,,,,,,,Large,,,,,10,12,,,,,,,,,,,,,,
,Korean Jindo Dog,,,,,,,,Medium,,,,,,,,,,,,,,,,,,,,
,Kerry Blue Terrier,,,,,,,,Medium,,,,,13,15,,,,,,,,,,,,,,
,Kooikerhondje,,,,,,,,Medium,,,,,12,14,,,,,,,,,,,,,,
,Kyi-Leo,,,,,,,,Small,,,,,12,15,,,,,,,,,,,,,,
,Labrador Retriever,,,,,,,,Medium,,,,,10,13,,,,,,,,,,,,,,
,Lancashire Heeler,,,,,,,,Small,,,,,12,16,,,,,,,,,,,,,,
,Landseer,,,,,,,,Large,,,,,9,11,,,,,,,,,,,,,,
,Lakeland Terrier,,,,,,,,Small,,,,,12,16,,,,,,,,,,,,,,
,Leonberger,,,,,,,,Large,,,,,8,9,,,,,,,,,,,,,,
,Lapponian Herder,,,,,,,,Medium,,,,,11,12,,,,,,,,,,,,,,
,Lowchen,,,,,,,,Small,,,,,12,14,,,,,,,,,,,,,,
,Longhaired Whippet,,,,,,,,Medium,,,,,12,15,,,,,,,,,,,,,,
,Large Munsterlander,,,,,,,,Large,,,,,10,11,,,,,,,,,,,,,,
,Lagotto Romagnolo,,,,,,,,Medium,,,,,15,17,,,,,,,,,,,,,,
,Lhasa Apso,,,,,,,,Small,,,,,12,14,,,,,,,,,,,,,,
,Manchester Terrier,,,,,,,,Small,,,,,14,16,,,,,,,,,,,,,,
,McNab,,,,,,,,Medium,,,,,,,,,,,,,,,,,,,,
,Mudi,,,,,,,,Medium,,,,,13,14,,,,,,,,,,,,,,
,Majestic Tree Hound,,,,,,,,Large,,,,,12,14,,,,,,,,,,,,,,
,Miniature Bull Terrier,,,,,,,,Small,,,,,12,14,,,,,,,,,,,,,,
,Miniature American Shepherd,,,,,,,,Medium,,,,,12,15,,,,,,,,,,,,,,
,Mountain Feist,,,,,,,,Small,,,,,13,18,,,,,,,,,,,,,,
,Maltese,,,,,,,,Small,,,,,12,15,,,,,,,,,,,,,,
,Miniature Pinscher,,,,,,,,Small,,,,,14,15,,,,,,,,,,,,,,
,Norwegian Elkhound,,,,,,,,Medium,,,,,12,15,,,,,,,,,,,,,,
,Miniature Schnauzer,,,,,,,,Small,,,,,12,15,,,,,,,,,,,,,,
,Norwegian Lundehund,,,,,,,,Small,,,,,12,14,,,,,,,,,,,,,,
,Norfolk Terrier,,,,,,,,Small,,,,,12,15,,,,,,,,,,,,,,
,New Guinea Singing Dog,,,,,,,,Medium,,,,,12,16,,,,,,,,,,,,,,
,Neapolitan Mastiff,,,,,,,,Large,,,,,8,10,,,,,,,,,,,,,,
,Norwegian Buhund,,,,,,,,Medium,,,,,13,15,,,,,,,,,,,,,,
,Northern Inuit Dog,,,,,,,,Large,,,,,,,,,,,,,,,,,,,,
,Norrbottenspets,,,,,,,,Medium,,,,,12,15,,,,,,,,,,,,,,
,Tolling Retriever,,,,,,,,Medium,,,,,12,14,,,,,,,,,,,,,,
,Newfoundland,,,,,,,,Large,,,,,8,10,,,,,,,,,,,,,,
,Norwich Terrier,,,,,,,,Small,,,,,12,14,,,,,,,,,,,,,,
,Olde English Bulldogge,,,,,,,,Large,,,,,9,14,,,,,,,,,,,,,,
,Otterhound,,,,,,,,Large,,,,,10,13,,,,,,,,,,,,,,
,Old English Sheepdog,,,,,,,,Large,,,,,10,12,,,,,,,,,,,,,,
,Poodle,,,,,,,,Small,,,,,12,15,,,,,,,,,,,,,,
,Pug,,,,,,,,Small,,,,,12,15,,,,,,,,,,,,,,
,Patterdale Terrier,,,,,,,,Small,,,,,15,17,,,,,,,,,,,,,,
,Pumi,,,,,,,,Medium,,,,,12,13,,,,,,,,,,,,,,
,Polish Hunting Dog,,,,,,,,Medium,,,,,10,13,,,,,,,,,,,,,,
,Papillon dog,,,,,,,,Small,,,,,13,15,,,,,,,,,,,,,,
,Plott Hound,,,,,,,,Medium,,,,,12,14,,,,,,,,,,,,,,
,Portuguese Podengo,,,,,,,,Medium,,,,,12,14,,,,,,,,,,,,,,
,Pudelpointer,,,,,,,,Large,,,,,,,,,,,,,,,,,,,,
,Prazsky Krysarik,,,,,,,,Small,,,,,12,14,,,,,,,,,,,,,,
,Petit Basset Griffon Vendeen,,,,,,,,Small,,,,,12,14,,,,,,,,,,,,,,
,Polish Lowland Sheepdog,,,,,,,,Medium,,,,,12,15,,,,,,,,,,,,,,
,Parson Russell Terrier,,,,,,,,Small,,,,,13,15,,,,,,,,,,,,,,
,Perro de Presa Mallorquin,,,,,,,,Medium,,,,,,,,,,,,,,,,,,,,
,"Puli,Pulik",,,,,,,,Medium,,,,,12,16,,,,,,,,,,,,,,
,Portuguese Water Dog,,,,,,,,Medium,,,,,12,15,,,,,,,,,,,,,,
,Plummer Terrier,,,,,,,,Small,,,,,,,,,,,,,,,,,,,,
,Pont-Audemer Spaniel,,,,,,,,Medium,,,,,,,,,,,,,,,,,,,,
,Pakistani Mastiff,,,,,,,,Large,,,,,8,10,,,,,,,,,,,,,,
,Picardy Spaniel,,,,,,,,Large,,,,,13,14,,,,,,,,,,,,,,
,Pomeranian,,,,,,,,Small,,,,,12,16,,,,,,,,,,,,,,
,Perro de Presa Canario,,,,,,,,Large,,,,,9,11,,,,,,,,,,,,,,
,Peruvian Inca Orchid,,,,,,,,Medium,,,,,11,12,,,,,,,,,,,,,,
,Pharaoh Hound,,,,,,,,Large,,,,,11,14,,,,,,,,,,,,,,
,Pekingese,,,,,,,,Small,,,,,12,15,,,,,,,,,,,,,,
,Pyrenean Shepherd,,,,,,,,Medium,,,,,15,17,,,,,,,,,,,,,,
,Portuguese Pointer,,,,,,,,Medium,,,,,12,14,,,,,,,,,,,,,,
,Pembroke Welsh Corgi,,,,,,,,Small,,,,,12,14,,,,,,,,,,,,,,
,Rottweiler,,,,,,,,Large,,,,,9,10,,,,,,,,,,,,,,
,Rajapalyam dog,,,,,,,,Large,,,,,,,,,,,,,,,,,,,,
,Russian Toy,,,,,,,,Small,,,,,,,,,,,,,,,,,,,,
,Rat Terrier,,,,,,,,Small,,,,,15,18,,,,,,,,,,,,,,
Rhodesian Ridgeback is known as Rhod Ridgeback,Rhod Ridgeback,,,,,,,,Large,,,,,10,12,,,,,,,,,,,,,,
,Redbone Coonhound,,,,,,,,Medium,,,,,11,12,,,,,,,,,,,,,,
,Russian Spaniel,,,,,,,,Small,,,,,14,14,,,,,,,,,,,,,,
,Rafeiro do Alentejo,,,,,,,,Large,,,,,12,14,,,,,,,,,,,,,,
,Schipperke,,,,,,,,Small,,,,,13,15,,,,,,,,,,,,,,
,Shetland Sheepdog,,,,,,,,Medium,,,,,12,13,,,,,,,,,,,,,,
Staffordshire Bull Terrier is known as Staffordshire in data set,Staffordshire,,,,,,,,Medium,,,,,12,14,,,,,,,,,,,,,,
,Sussex Spaniel,,,,,,,,Small,,,,,12,15,,,,,,,,,,,,,,
,St. Bernard(Saint Bernard),,,,,,,,Large,,,,,8,10,,,,,,,,,,,,,,
,Spinone Italiano,,,,,,,,Large,,,,,12,14,,,,,,,,,,,,,,
,Sarplaninac,,,,,,,,Medium,,,,,,,,,,,,,,,,,,,,
,Shiloh Shepherd dog,,,,,,,,Large,,,,,,,,,,,,,,,,,,,,
,Shar-Pei,,,,,,,,Medium,,,,,9,11,,,,,,,,,,,,,,
,Sloughi,,,,,,,,Large,,,,,12,16,,,,,,,,,,,,,,
,Smaland Hound,,,,,,,,Medium,,,,,12,15,,,,,,,,,,,,,,
,Seppala Siberian Sleddog,,,,,,,,Medium,,,,,,,,,,,,,,,,,,,,
,Silken Windhound,,,,,,,,Medium,,,,,12,15,,,,,,,,,,,,,,
,Soft-coated Wheaten Terrier,,,,,,,,Medium,,,,,12,15,,,,,,,,,,,,,,
,Shih Tzu,,,,,,,,Small,,,,,10,15,,,,,,,,,,,,,,
,Swedish Lapphund,,,,,,,,Medium,,,,,12,13,,,,,,,,,,,,,,
,Swedish Vallhund,,,,,,,,Small,,,,,12,14,,,,,,,,,,,,,,
,Scottish Deerhound,,,,,,,,Large,,,,,8,11,,,,,,,,,,,,,,
,Serbian Hound,,,,,,,,Medium,,,,,12,12,,,,,,,,,,,,,,
,Saluki,,,,,,,,Large,,,,,12,14,,,,,,,,,,,,,,
,Shikoku dog,,,,,,,,Medium,,,,,,,,,,,,,,,,,,,,
,Samoyed,,,,,,,,Medium,,,,,12,14,,,,,,,,,,,,,,
,Small Munsterlander,,,,,,,,Medium,,,,,12,13,,,,,,,,,,,,,,
,Spanish Water Dog,,,,,,,,Medium,,,,,10,14,,,,,,,,,,,,,,
,Shiba Inu,,,,,,,,Small,,,,,12,15,,,,,,,,,,,,,,
,Scottish Terrier,,,,,,,,Small,,,,,12,15,,,,,,,,,,,,,,
,Schnekingese,,,,,,,,Small,,,,,12,15,,,,,,,,,,,,,,
,Smooth Collie,,,,,,,,Large,,,,,12,15,,,,,,,,,,,,,,
,Saarloos wolfdog,,,,,,,,Large,,,,,,,,,,,,,,,,,,,,
,Rough Collie,,,,,,,,Medium,,,,,14,16,,,,,,,,,,,,,,
,Spanish Mastiff,,,,,,,,Large,,,,,,,,,,,,,,,,,,,,
,Standard Schnauzer,,,,,,,,Medium,,,,,13,16,,,,,,,,,,,,,,
,Smooth Fox Terrier,,,,,,,,Small,,,,,12,15,,,,,,,,,,,,,,
,Schapendoes,,,,,,,,Medium,,,,,,,,,,,,,,,,,,,,
,Sapsali,,,,,,,,Medium,,,,,,,,,,,,,,,,,,,,
,Sealyham Terrier,,,,,,,,Small,,,,,12,14,,,,,,,,,,,,,,
,South Russian Ovcharka,,,,,,,,Large,,,,,,,,,,,,,,,,,,,,
,Siberian Husky,,,,,,,,Medium,,,,,12,15,,,,,,,,,,,,,,
,Skye Terrier,,,,,,,,Small,,,,,12,15,,,,,,,,,,,,,,
,Tibetan Spaniel,,,,,,,,Small,,,,,12,15,,,,,,,,,,,,,,
,Toy Fox Terrier,,,,,,,,Small,,,,,13,14,,,,,,,,,,,,,,
,Toy Bulldog,,,,,,,,Small,,,,,,,,,,,,,,,,,,,,
,Transylvanian Hound,,,,,,,,Medium,,,,,10,12,,,,,,,,,,,,,,
,Tibetan Terrier,,,,,,,,Medium,,,,,12,15,,,,,,,,,,,,,,
,Toy Manchester Terrier,,,,,,,,Small,,,,,15,16,,,,,,,,,,,,,,
,Tibetan Mastiff,,,,,,,,Large,,,,,10,12,,,,,,,,,,,,,,
,Thai Bangkaew Dog,,,,,,,,Medium,,,,,,,,,,,,,,,,,,,,
,Tornjak,,,,,,,,Large,,,,,,,,,,,,,,,,,,,,
,Tosa,,,,,,,,Large,,,,,10,12,,,,,,,,,,,,,,
,Thai Ridgeback,,,,,,,,Medium,,,,,12,13,,,,,,,,,,,,,,
,Treeing Walker Coonhound,,,,,,,,Medium,,,,,12,13,,,,,,,,,,,,,,
,Texas Heeler,,,,,,,,Medium,,,,,13,15,,,,,,,,,,,,,,
,Tamaskan Dog,,,,,,,,Large,,,,,14,15,,,,,,,,,,,,,,
,Taco Terrier,,,,,,,,Small,,,,,13,15,,,,,,,,,,,,,,
,Vizsla,,,,44.09,39.68,63.93,55.11,Medium,56,53,64,61,12,15,"Sporting,Gun",3,3,3,5,2,3,5,1,5/R34,5,No,700,1200
,Volpino Italiano,,,,9.92,9.03,11.91,9.92,Small,27,25,30,28,,,Northern,,,,,,,,,,,,,
,Welsh Springer Spaniel,,,,35.27,39.68,44.09,44.09,Medium,46,43,48,46,12,15,Sporting,5,4,5,5,3,5/R1,4,3,5/R125,5,No,1200,1400
MD,Wetterhoun,,,,55.11,,77.16,,Medium,55,,59,,,,Gun,,,,,,,,,,,,,
,West Highland White Terrier,,,,15,,20,,Small,14,,16,,12,16,Terrier,4,3,4,4,1,5/R1,4/R47,4,5/R36,4,Yes,600,1200
,Welsh Terrier,,,,20,,22,,Small,15.5,,15.5,,12,15,Terrier,4,2,2,3,1,5/R1,4,4,3/R108,5,Yes,500,800
,Wire Fox Terrier,,,,13.22,15.43,19.84,17.64,Small,14,13,16,15,13,14,Terrier,5,1,2,3,3,5/R1,5,2,3/R96,5,Yes,600,800
,Wirehaired Pointing Griffon,,,,50.71,,59.52,,Medium,55,50,60,55,10,12,"Gun,Sporting",4,3,4,4,3,5/R1,4/R46,3,4/R85,3,Yes,600,700
,West Siberian Laika,,,,40.12,,55.12,,Medium,54,528,60,58,,,Hunting,,,,,,,,,,,,,
,Whippet,,,,15,,30,,Medium,48,45,56,53,12,15,"Hound,Sighthound",3,1,3,3,2,1,3,1,4/R56,4,No,800,1200
,Weimaraner,,,,66.14,55.12,88.18,77.16,Medium,62,59,67,63,10,12,"Sporting,Gun",5,5,5,5,3,3,5,1,5/R32,5,No,600,800
,Xoloitzcuintle,,,,9,,31,,Small,10,,23,,12,15,Non-sporting,3,5,5,3,1,5/R1,3,2,2/R137,5,Yes,600,800
,Yorkshire Terrier,,,,3.5,,8,,Small,7.5,,9,,13,16,Toy,1,4,2,3,3,4,4.5/R27,5,5/R5,5,Yes,500,700
